"","coefficients","replicate","pval","treatment_site"
"siteDB...1",-0.114282169415758,1,2.92428043443623e-06,"siteDB"
"sitePW...2",0.0397727115899199,1,0.100211390490424,"sitePW"
"siteDB...3",-0.272867082098953,2,2.47980475551032e-28,"siteDB"
"sitePW...4",-0.160571754390339,2,5.54000881467689e-11,"sitePW"
"siteDB...5",-0.0630305620700981,3,0.0125553674147688,"siteDB"
"sitePW...6",-0.0273931980685572,3,0.281984521326185,"sitePW"
"siteDB...7",-0.247779043585226,4,1.76398464164063e-23,"siteDB"
"sitePW...8",0.00189712273205055,4,0.937717623993121,"sitePW"
"siteDB...9",-0.130575557768185,5,2.22519456522624e-07,"siteDB"
"sitePW...10",-0.0302900338424435,5,0.228472479671689,"sitePW"
"siteDB...11",-0.300438363736436,6,6.61221019720818e-35,"siteDB"
"sitePW...12",-0.21256530854331,6,2.83451488528376e-18,"sitePW"
"siteDB...13",-0.360736487814295,7,1.32537741201879e-48,"siteDB"
"sitePW...14",-0.127732914835852,7,1.55261756910494e-07,"sitePW"
"siteDB...15",-0.175408386097912,8,1.09364746693592e-12,"siteDB"
"sitePW...16",-0.0453960988650591,8,0.0618280667082418,"sitePW"
"siteDB...17",-0.350496383317405,9,5.93634623513266e-44,"siteDB"
"sitePW...18",-0.0387809018862195,9,0.101471545771553,"sitePW"
"siteDB...19",-0.243345770977359,10,2.9550094888068e-24,"siteDB"
"sitePW...20",-0.219517186455453,10,5.29359371683346e-19,"sitePW"
"siteDB...21",-0.246592453851198,11,6.24403932549588e-24,"siteDB"
"sitePW...22",-0.0493546879599349,11,0.0385721208084967,"sitePW"
"siteDB...23",-0.150217053644261,12,7.51589064120022e-10,"siteDB"
"sitePW...24",0.0434760321682619,12,0.0658991681686825,"sitePW"
"siteDB...25",-0.392307174296571,13,3.5866544755807e-58,"siteDB"
"sitePW...26",-0.0896081426769082,13,0.000113107285824516,"sitePW"
"siteDB...27",-0.439448337294001,14,1.34697884936058e-64,"siteDB"
"sitePW...28",-0.197910153522216,14,1.51234371234157e-15,"sitePW"
"siteDB...29",-0.142479106846441,15,2.9888616840885e-08,"siteDB"
"sitePW...30",0.190139518744866,15,4.26182938316771e-15,"sitePW"
"siteDB...31",0.0270418948433157,16,0.268894710647396,"siteDB"
"sitePW...32",-0.00659585902861108,16,0.792921637624859,"sitePW"
"siteDB...33",-0.348058479399396,17,2.8508017551241e-42,"siteDB"
"sitePW...34",-0.150187832989428,17,2.03799388209774e-09,"sitePW"
"siteDB...35",-0.489576182362896,18,1.20806092062754e-90,"siteDB"
"sitePW...36",-0.340759892909906,18,3.60957304704041e-46,"sitePW"
"siteDB...37",-0.282737499111957,19,4.86392788222865e-32,"siteDB"
"sitePW...38",-0.0748383090429667,19,0.00145214231021542,"sitePW"
"siteDB...39",-0.34328136882539,20,7.88971959347377e-42,"siteDB"
"sitePW...40",0.0370657468065246,20,0.118236997541564,"sitePW"
"siteDB...41",-0.405719697280975,21,1.26336595232517e-62,"siteDB"
"sitePW...42",-0.396706504423212,21,1.15957350229623e-57,"sitePW"
"siteDB...43",-0.237030493857722,22,3.5675622566471e-23,"siteDB"
"sitePW...44",-0.145506799251562,22,5.58348250471986e-10,"sitePW"
"siteDB...45",-0.333530353685939,23,4.3061764349373e-41,"siteDB"
"sitePW...46",-0.224343457273356,23,4.25687609351868e-20,"sitePW"
"siteDB...47",-0.462433659113849,24,1.83418753440381e-75,"siteDB"
"sitePW...48",-0.110650207885247,24,1.99210301950372e-06,"sitePW"
"siteDB...49",-0.362959857136234,25,2.33800219208127e-50,"siteDB"
"sitePW...50",-0.152926445418605,25,8.36090342678753e-11,"sitePW"
"siteDB...51",-0.279182544179158,26,2.37618303706429e-24,"siteDB"
"sitePW...52",0.208096504763988,26,3.047790918527e-16,"sitePW"
"siteDB...53",-0.184109013272379,27,1.80174047748308e-14,"siteDB"
"sitePW...54",-0.141410144208992,27,5.8215406915771e-09,"sitePW"
"siteDB...55",-0.405688802881571,28,2.77012444098804e-61,"siteDB"
"sitePW...56",-0.216446933743926,28,4.01645236351092e-19,"sitePW"
"siteDB...57",-0.339473591293536,29,2.56304861537743e-44,"siteDB"
"sitePW...58",-0.178375852122459,29,5.63601290365891e-14,"sitePW"
"siteDB...59",-0.214440945100329,30,1.65742562100027e-17,"siteDB"
"sitePW...60",-0.0758676781326112,30,0.00209479792771468,"sitePW"
"siteDB...61",-0.483121924711537,31,6.82041886987866e-85,"siteDB"
"sitePW...62",-0.135605660198498,31,9.1601295901425e-09,"sitePW"
"siteDB...63",-0.491946903483253,32,1.99849379645891e-88,"siteDB"
"sitePW...64",-0.154526021625036,32,1.18786213203399e-11,"sitePW"
"siteDB...65",-0.342996462437881,33,9.00533117125368e-48,"siteDB"
"sitePW...66",-0.150010787557646,33,7.51162645282696e-11,"sitePW"
"siteDB...67",-0.270948015786012,34,1.19375471900596e-25,"siteDB"
"sitePW...68",0.0152958999881376,34,0.530631145154277,"sitePW"
"siteDB...69",-0.252769944295115,35,1.07088530412864e-25,"siteDB"
"sitePW...70",0.00297581005901294,35,0.898378204228242,"sitePW"
"siteDB...71",-0.336056702986735,36,9.01939040462012e-43,"siteDB"
"sitePW...72",-0.0782202817005592,36,0.00071407092451575,"sitePW"
"siteDB...73",-0.170702954625537,37,1.26404712558637e-11,"siteDB"
"sitePW...74",0.0157099782792446,37,0.510532761780809,"sitePW"
"siteDB...75",-0.0670832718386467,38,0.00570684522757477,"siteDB"
"sitePW...76",-0.0667954406253818,38,0.00629810427221973,"sitePW"
"siteDB...77",-0.359353972102013,39,3.27479620782761e-47,"siteDB"
"sitePW...78",-0.254197126856681,39,6.13387668788518e-25,"sitePW"
"siteDB...79",-0.262963625499294,40,1.18545864323587e-28,"siteDB"
"sitePW...80",-0.134856721540768,40,5.89237381326205e-09,"sitePW"
"siteDB...81",-0.263263992790677,41,5.19412003476347e-26,"siteDB"
"sitePW...82",-0.000571976767177664,41,0.981192023752596,"sitePW"
"siteDB...83",-0.180297188052498,42,5.46805302520495e-14,"siteDB"
"sitePW...84",-0.112352631741275,42,2.87503729060686e-06,"sitePW"
"siteDB...85",-0.47075362398119,43,1.13043947803598e-78,"siteDB"
"sitePW...86",-0.242894730654519,43,3.59265955648621e-24,"sitePW"
"siteDB...87",-0.251169639056929,44,7.15824881662611e-22,"siteDB"
"sitePW...88",-0.0850670293286942,44,0.000582035658938496,"sitePW"
"siteDB...89",-0.343914071610308,45,7.34922044060979e-39,"siteDB"
"sitePW...90",0.0482196071053674,45,0.0467542266379947,"sitePW"
"siteDB...91",-0.252735449816904,46,2.25138314812741e-24,"siteDB"
"sitePW...92",-0.0958017777563712,46,7.25534173216752e-05,"sitePW"
"siteDB...93",-0.355055266479059,47,2.00688017041968e-51,"siteDB"
"sitePW...94",-0.259685360998473,47,8.37860768933519e-29,"sitePW"
"siteDB...95",-0.239140005785369,48,2.71603203039378e-21,"siteDB"
"sitePW...96",-0.0167413927229807,48,0.492833250895057,"sitePW"
"siteDB...97",-0.478247318479217,49,1.35633334878561e-79,"siteDB"
"sitePW...98",-0.156409142152316,49,5.06267867853831e-11,"sitePW"
"siteDB...99",-0.137690662673122,50,1.89670429013244e-08,"siteDB"
"sitePW...100",-0.0157165878150526,50,0.519823972519023,"sitePW"
"siteDB...101",-0.258385255179427,51,6.60374898921464e-27,"siteDB"
"sitePW...102",-0.0497396096671782,51,0.0316298928503831,"sitePW"
"siteDB...103",-0.32451850838029,52,4.46841941455763e-43,"siteDB"
"sitePW...104",-0.183637661220076,52,9.20469051777276e-16,"sitePW"
"siteDB...105",-0.233155852991146,53,2.06535552532965e-22,"siteDB"
"sitePW...106",-0.0558301314612645,53,0.0166890795237931,"sitePW"
"siteDB...107",-0.13657089432689,54,6.79629970320127e-08,"siteDB"
"sitePW...108",0.0892141227143283,54,0.00030019321883007,"sitePW"
"siteDB...109",-0.163501087457553,55,1.6256372671577e-10,"siteDB"
"sitePW...110",0.0253822374662238,55,0.300161914517027,"sitePW"
"siteDB...111",-0.224820566278844,56,4.78410119576693e-21,"siteDB"
"sitePW...112",-0.290877050751732,56,8.67127520343556e-32,"sitePW"
"siteDB...113",-0.130704304357093,57,6.06693455128125e-08,"siteDB"
"sitePW...114",0.035207192060943,57,0.137987970390324,"sitePW"
"siteDB...115",-0.435536434686331,58,1.05937810772379e-67,"siteDB"
"sitePW...116",-0.301087072062415,58,1.66341470015736e-34,"sitePW"
"siteDB...117",-0.279667215578728,59,1.03210312028911e-28,"siteDB"
"sitePW...118",-0.131002943553746,59,1.04783489159247e-07,"sitePW"
"siteDB...119",-0.197315757632033,60,5.44916736288225e-15,"siteDB"
"sitePW...120",-0.046655673048179,60,0.0601567342827661,"sitePW"
"siteDB...121",-0.258521185746074,61,2.16901900093573e-26,"siteDB"
"sitePW...122",-0.225863474022795,61,1.28123711201312e-19,"sitePW"
"siteDB...123",-0.156773150762451,62,2.61243841114806e-09,"siteDB"
"sitePW...124",0.0720405693435349,62,0.00477704375323037,"sitePW"
"siteDB...125",-0.21449649466397,63,1.0405083363571e-18,"siteDB"
"sitePW...126",-0.0813231772235038,63,0.000666514881165629,"sitePW"
"siteDB...127",-0.391899163007584,64,8.09158882628154e-57,"siteDB"
"sitePW...128",-0.272605049494038,64,1.06899393241598e-29,"sitePW"
"siteDB...129",-0.230439884420301,65,2.04319466418426e-20,"siteDB"
"sitePW...130",-0.18424333347331,65,3.21447129075099e-13,"sitePW"
"siteDB...131",-0.13033307535288,66,2.67440547809316e-07,"siteDB"
"sitePW...132",0.0193946282816119,66,0.439683634747498,"sitePW"
"siteDB...133",-0.26005491102585,67,1.69426168723654e-26,"siteDB"
"sitePW...134",-0.148734508119453,67,1.22822100093496e-09,"sitePW"
"siteDB...135",-0.093289027786155,68,0.000329742650918061,"siteDB"
"sitePW...136",0.0184595824467804,68,0.469207458304885,"sitePW"
"siteDB...137",-0.193336554792079,69,7.88732576564504e-14,"siteDB"
"sitePW...138",0.00574857038324219,69,0.820931740293829,"sitePW"
"siteDB...139",-0.143939910735184,70,3.57539000596262e-09,"siteDB"
"sitePW...140",-0.0132511933083381,70,0.579884982486632,"sitePW"
"siteDB...141",-0.406856100657524,71,6.07054292685794e-61,"siteDB"
"sitePW...142",-0.251295579536274,71,5.0510412438903e-25,"sitePW"
"siteDB...143",-0.174059332928945,72,1.31350275349536e-12,"siteDB"
"sitePW...144",-0.0274800662142163,72,0.251518289129579,"sitePW"
"siteDB...145",-0.215471689252551,73,4.9982887726724e-19,"siteDB"
"sitePW...146",-0.0990692360074865,73,3.33237713769673e-05,"sitePW"
"siteDB...147",-0.235980881112367,74,7.18779589583043e-20,"siteDB"
"sitePW...148",-0.00272412365260575,74,0.911449697437265,"sitePW"
"siteDB...149",-0.291408834789415,75,4.32427557070098e-32,"siteDB"
"sitePW...150",-0.00548601543831316,75,0.814584760363779,"sitePW"
"siteDB...151",-0.466277513210153,76,1.08540780631176e-76,"siteDB"
"sitePW...152",-0.220874302012763,76,4.85869552298228e-20,"sitePW"
"siteDB...153",-0.272057598171862,77,6.41371611008216e-30,"siteDB"
"sitePW...154",-0.156652013688306,77,4.08938820427375e-11,"sitePW"
"siteDB...155",-0.0370858050299347,78,0.125460284594924,"siteDB"
"sitePW...156",0.100402286942464,78,3.34316989614996e-05,"sitePW"
"siteDB...157",-0.00923549341834513,79,0.712614469699783,"siteDB"
"sitePW...158",0.0229285458721275,79,0.359570608865008,"sitePW"
"siteDB...159",-0.209432889777124,80,1.9523275492686e-18,"siteDB"
"sitePW...160",-0.119197845873615,80,5.56627099940069e-07,"sitePW"
"siteDB...161",-0.259927781773651,81,4.21357946218799e-26,"siteDB"
"sitePW...162",-0.0858771609906787,81,0.00039821088977743,"sitePW"
"siteDB...163",-0.115528262994326,82,1.72549146636312e-06,"siteDB"
"sitePW...164",-0.147879778556936,82,1.54776095521119e-09,"sitePW"
"siteDB...165",-0.327467603177545,83,8.77290361936607e-41,"siteDB"
"sitePW...166",-0.182720424920008,83,4.63292915906224e-14,"sitePW"
"siteDB...167",-0.0556590481827542,84,0.0225838196589338,"siteDB"
"sitePW...168",-0.0174958328762154,84,0.474334040999484,"sitePW"
"siteDB...169",-0.414269162851046,85,4.51070703441746e-61,"siteDB"
"sitePW...170",-0.155921008755441,85,5.52418883276848e-11,"sitePW"
"siteDB...171",-0.401767467614064,86,6.46272301919094e-64,"siteDB"
"sitePW...172",-0.109850725398425,86,1.03135148951036e-06,"sitePW"
"siteDB...173",-0.19963322168136,87,1.58081016823687e-16,"siteDB"
"sitePW...174",-0.154771556514271,87,1.72921385793888e-10,"sitePW"
"siteDB...175",0.00765000570685622,88,0.75599849366845,"siteDB"
"sitePW...176",0.102889725645092,88,2.92367314790716e-05,"sitePW"
"siteDB...177",-0.149974124597633,89,9.9013792737026e-10,"siteDB"
"sitePW...178",-0.000399670544204887,89,0.986723364524718,"sitePW"
"siteDB...179",-0.0504157550210044,90,0.0428399446699745,"siteDB"
"sitePW...180",0.0286516808980142,90,0.252507111574811,"sitePW"
"siteDB...181",-0.322156064518377,91,8.17378873333671e-40,"siteDB"
"sitePW...182",-0.127962586133486,91,9.17127326510343e-08,"sitePW"
"siteDB...183",-0.171106323078196,92,4.49757643531423e-12,"siteDB"
"sitePW...184",0.00542515372306322,92,0.820648457141215,"sitePW"
"siteDB...185",-0.232817752391961,93,2.32914137978746e-19,"siteDB"
"sitePW...186",-0.0445186861997438,93,0.0790013354816135,"sitePW"
"siteDB...187",-0.223672678812872,94,2.21968090174419e-19,"siteDB"
"sitePW...188",0.0623729828429749,94,0.00883325810122178,"sitePW"
"siteDB...189",-0.368972151292693,95,9.29228811949215e-51,"siteDB"
"sitePW...190",-0.190744979222899,95,1.72397680928084e-15,"sitePW"
"siteDB...191",-0.461165311232147,96,2.6489475824922e-82,"siteDB"
"sitePW...192",-0.226112080816165,96,9.86160704945873e-23,"sitePW"
"siteDB...193",-0.247450254819879,97,2.56329287232506e-22,"siteDB"
"sitePW...194",-1.93619502789842e-06,97,0.999936108580425,"sitePW"
"siteDB...195",-0.180329564791111,98,4.59562619870895e-13,"siteDB"
"sitePW...196",-0.0224357455452822,98,0.355297960953077,"sitePW"
"siteDB...197",-0.165190004998997,99,3.94929691039055e-11,"siteDB"
"sitePW...198",0.0103901079749159,99,0.670995065617703,"sitePW"
"siteDB...199",-0.294065943711402,100,3.04534514030977e-33,"siteDB"
"sitePW...200",-0.0900944187550055,100,0.000212790206995765,"sitePW"
"siteDB...201",-0.335852871636762,101,5.77800506304141e-42,"siteDB"
"sitePW...202",-0.184315556325806,101,5.66600228941001e-14,"sitePW"
"siteDB...203",-0.112764051022286,102,8.7842802736798e-06,"siteDB"
"sitePW...204",-0.0587829763570994,102,0.0223901883644963,"sitePW"
"siteDB...205",-0.249884716170207,103,7.89704501517384e-24,"siteDB"
"sitePW...206",-0.0897494116487909,103,0.000215498264807474,"sitePW"
"siteDB...207",-0.26753902104937,104,2.63430438201257e-27,"siteDB"
"sitePW...208",-0.0882900006795692,104,0.000213675280523374,"sitePW"
"siteDB...209",-0.216854079980379,105,1.19193876811546e-19,"siteDB"
"sitePW...210",-0.260325064521755,105,1.28953667226124e-26,"sitePW"
"siteDB...211",-0.384224088823464,106,8.73076591966931e-53,"siteDB"
"sitePW...212",-0.0605735542603524,106,0.011039787859958,"sitePW"
"siteDB...213",-0.276906674563979,107,4.7266451291644e-28,"siteDB"
"sitePW...214",-0.157301956071969,107,1.93203826124932e-10,"sitePW"
"siteDB...215",-0.190282930654439,108,9.90237627264115e-15,"siteDB"
"sitePW...216",-0.0403227160692236,108,0.0954149859704102,"sitePW"
"siteDB...217",-0.290137589988417,109,9.74089253707555e-29,"siteDB"
"sitePW...218",-0.0188905103925917,109,0.440125189890744,"sitePW"
"siteDB...219",-0.423213300477459,110,3.50762622544724e-59,"siteDB"
"sitePW...220",-0.015140852750052,110,0.527287880476309,"sitePW"
"siteDB...221",-0.35210224649625,111,1.44483434702283e-43,"siteDB"
"sitePW...222",-0.0188366810124658,111,0.438595120099376,"sitePW"
"siteDB...223",-0.395017523794125,112,3.7228180595484e-55,"siteDB"
"sitePW...224",-0.0309912758522676,112,0.188897188888299,"sitePW"
"siteDB...225",-0.255018719859383,113,5.20551422453083e-26,"siteDB"
"sitePW...226",-0.0453048714599897,113,0.0554373463375837,"sitePW"
"siteDB...227",-0.346864621766536,114,1.51278006079408e-45,"siteDB"
"sitePW...228",-0.154099498151709,114,1.03922752061849e-10,"sitePW"
"siteDB...229",-0.148970588508172,115,1.32881173616154e-09,"siteDB"
"sitePW...230",0.0126504991110162,115,0.604287610968421,"sitePW"
"siteDB...231",-0.211816069287623,116,3.3277864440528e-17,"siteDB"
"sitePW...232",-0.0231311800811792,116,0.35658905364796,"sitePW"
"siteDB...233",-0.257427329477026,117,1.18852516255115e-24,"siteDB"
"sitePW...234",0.021717770637119,117,0.363265591899601,"sitePW"
"siteDB...235",-0.320728034492061,118,1.41195773549788e-39,"siteDB"
"sitePW...236",-0.0602510379102385,118,0.0105873067399416,"sitePW"
"siteDB...237",-0.34326378780583,119,1.2126198539708e-44,"siteDB"
"sitePW...238",-0.0990146905001319,119,2.38931875825396e-05,"sitePW"
"siteDB...239",-0.246586212156489,120,3.40774842698175e-25,"siteDB"
"sitePW...240",-0.0881791388696804,120,0.000155422722762006,"sitePW"
"siteDB...241",-0.400776352583259,121,8.30057312300777e-60,"siteDB"
"sitePW...242",-0.184372728072732,121,1.13843051622745e-14,"sitePW"
"siteDB...243",-0.395556115090008,122,1.2903759002928e-54,"siteDB"
"sitePW...244",-0.0819149121496411,122,0.000524437036507637,"sitePW"
"siteDB...245",-0.384549205746312,123,4.37355261310746e-52,"siteDB"
"sitePW...246",-0.13217976618011,123,5.26859943845525e-08,"sitePW"
"siteDB...247",-0.39335294452677,124,3.75164125755278e-62,"siteDB"
"sitePW...248",-0.364867002591438,124,5.52398503421228e-52,"sitePW"
"siteDB...249",-0.266896805763063,125,3.45771852172476e-27,"siteDB"
"sitePW...250",0.0298572018329229,125,0.199978024875444,"sitePW"
"siteDB...251",-0.376844306366213,126,7.51030474609444e-58,"siteDB"
"sitePW...252",-0.251232656715571,126,8.93287949262526e-28,"sitePW"
"siteDB...253",-0.234740904682695,127,1.56288544305802e-21,"siteDB"
"sitePW...254",-0.0462294968928679,127,0.0561639547940038,"sitePW"
"siteDB...255",-0.412706959044483,128,6.07725489617498e-66,"siteDB"
"sitePW...256",-0.332138070229293,128,5.65541111280267e-43,"sitePW"
"siteDB...257",-0.0995267144922101,129,4.11805759650453e-05,"siteDB"
"sitePW...258",-0.0231048077302866,129,0.343486591381507,"sitePW"
"siteDB...259",-0.191979831191729,130,8.12630491887004e-15,"siteDB"
"sitePW...260",0.00384172671726958,130,0.872013320243932,"sitePW"
"siteDB...261",-0.204141215338135,131,3.69073998063114e-16,"siteDB"
"sitePW...262",0.0534011653657968,131,0.0267286771932033,"sitePW"
"siteDB...263",-0.0396614531918917,132,0.109875376328313,"siteDB"
"sitePW...264",0.0770737000059743,132,0.00146695525157369,"sitePW"
"siteDB...265",-0.126686155035866,133,4.13191789012281e-07,"siteDB"
"sitePW...266",-0.0128763024329413,133,0.605140182728528,"sitePW"
"siteDB...267",-0.377327447578156,134,2.87300564802578e-52,"siteDB"
"sitePW...268",-0.0936623936157346,134,7.61964638350746e-05,"sitePW"
"siteDB...269",-0.164398123583333,135,1.01107531632626e-11,"siteDB"
"sitePW...270",-0.0567885948167685,135,0.0165071903662308,"sitePW"
"siteDB...271",-0.096709374258582,136,6.14063942809137e-05,"siteDB"
"sitePW...272",-0.0230629995155962,136,0.336449516903153,"sitePW"
"siteDB...273",-0.389113373786201,137,5.61027414001753e-55,"siteDB"
"sitePW...274",-0.221663579627482,137,1.50708569979648e-19,"sitePW"
"siteDB...275",-0.0498543466386442,138,0.0466769013257753,"siteDB"
"sitePW...276",0.0227453070876861,138,0.372313484343833,"sitePW"
"siteDB...277",-0.320375780009856,139,1.73864104253968e-36,"siteDB"
"sitePW...278",-0.127897716870277,139,2.02839702230719e-07,"sitePW"
"siteDB...279",-0.174419976708153,140,1.94158882624125e-12,"siteDB"
"sitePW...280",-0.150008804436303,140,1.26527523281634e-09,"sitePW"
"siteDB...281",-0.310346435230644,141,1.52141676167766e-33,"siteDB"
"sitePW...282",-0.0767005392682098,141,0.00237055469812965,"sitePW"
"siteDB...283",-0.176706435491403,142,5.90823322752875e-13,"siteDB"
"sitePW...284",-0.163461189232848,142,7.4450263293383e-11,"sitePW"
"siteDB...285",-0.324724189105519,143,1.2040973390368e-40,"siteDB"
"sitePW...286",-0.177121748711582,143,1.94599724331033e-14,"sitePW"
"siteDB...287",-0.465322689275856,144,3.85611753712736e-74,"siteDB"
"sitePW...288",-0.091450129928062,144,0.000117505793125246,"sitePW"
"siteDB...289",-0.392414579217948,145,7.48747065869665e-59,"siteDB"
"sitePW...290",-0.329172405089555,145,1.55182021271025e-42,"sitePW"
"siteDB...291",-0.405034635075298,146,1.99990439456084e-66,"siteDB"
"sitePW...292",-0.170577214994845,146,3.34279101248107e-14,"sitePW"
"siteDB...293",-0.26742599064646,147,1.02824193700997e-25,"siteDB"
"sitePW...294",0.0393376685866756,147,0.0993530017063705,"sitePW"
"siteDB...295",-0.275704607240389,148,3.8325409432066e-29,"siteDB"
"sitePW...296",-0.103753088710822,148,1.23472612617852e-05,"sitePW"
"siteDB...297",-0.253143063895121,149,2.95365038917275e-24,"siteDB"
"sitePW...298",-0.134088132270316,149,3.19565225072104e-08,"sitePW"
"siteDB...299",-0.119504734151392,150,3.46266931656104e-06,"siteDB"
"sitePW...300",0.0319067127058993,150,0.201225057574406,"sitePW"
"siteDB...301",-0.250543482120761,151,4.94394488504253e-22,"siteDB"
"sitePW...302",0.111456064526662,151,5.44559014387614e-06,"sitePW"
"siteDB...303",-0.324317829051731,152,5.32868444128688e-41,"siteDB"
"sitePW...304",-0.163916411716167,152,3.16623215179775e-12,"sitePW"
"siteDB...305",-0.322027783502702,153,2.23070711452908e-39,"siteDB"
"sitePW...306",-0.0635116761129371,153,0.00697152877381806,"sitePW"
"siteDB...307",-0.487215374280935,154,3.44480284108188e-86,"siteDB"
"sitePW...308",-0.26878611188865,154,1.1674397842147e-30,"sitePW"
"siteDB...309",-0.544022818402349,155,9.03123019102173e-102,"siteDB"
"sitePW...310",-0.128390788058379,155,4.2432744979384e-08,"sitePW"
"siteDB...311",-0.52696090966725,156,3.30479122646366e-108,"siteDB"
"sitePW...312",-0.354467488233147,156,1.20372696754946e-53,"sitePW"
"siteDB...313",-0.149787208464295,157,1.82028072548307e-09,"siteDB"
"sitePW...314",-0.116694199469749,157,2.56870382385051e-06,"sitePW"
"siteDB...315",-0.0350473651421627,158,0.157107464224551,"siteDB"
"sitePW...316",0.0697352652955659,158,0.00507576721635645,"sitePW"
"siteDB...317",-0.48013478931819,159,7.85791415877441e-83,"siteDB"
"sitePW...318",-0.213555897335633,159,1.31212081511147e-19,"sitePW"
"siteDB...319",-0.17213931436803,160,5.14198689558204e-12,"siteDB"
"sitePW...320",-0.0656973743465563,160,0.00864444638699209,"sitePW"
"siteDB...321",-0.225776111097496,161,1.02511493411918e-20,"siteDB"
"sitePW...322",-0.0178931362558496,161,0.442878082200426,"sitePW"
"siteDB...323",-0.377793062947229,162,2.454183658479e-51,"siteDB"
"sitePW...324",-0.0215823734154484,162,0.361954321181944,"sitePW"
"siteDB...325",-0.475356323608441,163,2.87566820383156e-78,"siteDB"
"sitePW...326",-0.118399104296398,163,8.79076552957645e-07,"sitePW"
"siteDB...327",-0.269319693180908,164,5.035760249415e-29,"siteDB"
"sitePW...328",-0.0951359099143499,164,4.39528198598049e-05,"sitePW"
"siteDB...329",-0.550176332976755,165,1.36922570819967e-105,"siteDB"
"sitePW...330",-0.24926580603832,165,3.37141998527691e-26,"sitePW"
"siteDB...331",-0.0812579198087254,166,0.000953507356631577,"siteDB"
"sitePW...332",0.0296010680686754,166,0.226019947490414,"sitePW"
"siteDB...333",-0.288565213044424,167,1.88011826152293e-30,"siteDB"
"sitePW...334",-0.0725427937221114,167,0.00271621097769705,"sitePW"
"siteDB...335",-0.31642317355,168,1.41327701546503e-39,"siteDB"
"sitePW...336",-0.0677788459212593,168,0.00358428682297889,"sitePW"
"siteDB...337",-0.0558439482994292,169,0.021391041190311,"siteDB"
"sitePW...338",-0.0787271700236365,169,0.00112421460385544,"sitePW"
"siteDB...339",-0.264638252110703,170,2.75091829158969e-27,"siteDB"
"sitePW...340",-0.139741080593581,170,7.85753468817314e-09,"sitePW"
"siteDB...341",-0.150699745923113,171,6.82495176870875e-10,"siteDB"
"sitePW...342",-0.0222091563050714,171,0.35883168077227,"sitePW"
"siteDB...343",-0.322821168707769,172,3.87888845481174e-41,"siteDB"
"sitePW...344",-0.17521403039304,172,8.28695726329754e-14,"sitePW"
"siteDB...345",-0.320825736257004,173,4.08933824614201e-39,"siteDB"
"sitePW...346",-0.0437453007172387,173,0.0575394672665518,"sitePW"
"siteDB...347",-0.239405038426233,174,1.87452014903751e-22,"siteDB"
"sitePW...348",-0.102420153176998,174,3.14097813426388e-05,"sitePW"
"siteDB...349",-0.341719889817917,175,3.23250568029552e-45,"siteDB"
"sitePW...350",-0.136961326366371,175,4.44105199996818e-09,"sitePW"
"siteDB...351",-0.0985670644401645,176,7.0893417836427e-05,"siteDB"
"sitePW...352",0.0908128308102898,176,0.000175734943928718,"sitePW"
"siteDB...353",-0.268899483849838,177,4.08985958898447e-28,"siteDB"
"sitePW...354",0.0392504164520469,177,0.0950338989768085,"sitePW"
"siteDB...355",-0.230648962887634,178,5.15852439969297e-21,"siteDB"
"sitePW...356",0.0361629427065018,178,0.124308102851454,"sitePW"
"siteDB...357",-0.0515173514485961,179,0.0418507017124529,"siteDB"
"sitePW...358",0.115691022861099,179,2.78543808538571e-06,"sitePW"
"siteDB...359",-0.261183467446419,180,1.07366472595686e-24,"siteDB"
"sitePW...360",0.0688324207654524,180,0.00366376399162162,"sitePW"
"siteDB...361",-0.190287393107263,181,7.07042263206034e-14,"siteDB"
"sitePW...362",0.000518283455302564,181,0.983217500213384,"sitePW"
"siteDB...363",-0.233280136965624,182,1.89395960638693e-22,"siteDB"
"sitePW...364",-0.0813325092898722,182,0.000547028038589458,"sitePW"
"siteDB...365",-0.286692536816518,183,4.52944424959917e-30,"siteDB"
"sitePW...366",-0.097917730655386,183,5.08798895991731e-05,"sitePW"
"siteDB...367",-0.259016569576798,184,2.46183236192307e-23,"siteDB"
"sitePW...368",-0.0568390130890181,184,0.0237788326788023,"sitePW"
"siteDB...369",-0.310998633648779,185,4.16721436833313e-37,"siteDB"
"sitePW...370",-0.22241023994037,185,1.75802266219856e-19,"sitePW"
"siteDB...371",-0.254748283864552,186,3.22208368566173e-26,"siteDB"
"sitePW...372",-0.0803035084878374,186,0.000697765849455819,"sitePW"
"siteDB...373",-0.476312900093509,187,3.6279748312792e-87,"siteDB"
"sitePW...374",-0.240827550030892,187,1.7938634273111e-25,"sitePW"
"siteDB...375",-0.217036760112413,188,1.03898376902735e-18,"siteDB"
"sitePW...376",0.0109899106358792,188,0.643979601991556,"sitePW"
"siteDB...377",-0.308314007724431,189,7.93908116411588e-37,"siteDB"
"sitePW...378",-0.0566219022610629,189,0.0146830451185802,"sitePW"
"siteDB...379",-0.353772736402864,190,7.75514166871488e-45,"siteDB"
"sitePW...380",-0.0760372443905845,190,0.00165612790164938,"sitePW"
"siteDB...381",-0.195354258715866,191,3.28560343174947e-16,"siteDB"
"sitePW...382",0.0062136466934359,191,0.789221875318733,"sitePW"
"siteDB...383",-0.363390080374021,192,1.52714401946142e-46,"siteDB"
"sitePW...384",-0.0417421425618196,192,0.0828775887469705,"sitePW"
"siteDB...385",-0.254995576076305,193,3.51892185857811e-26,"siteDB"
"sitePW...386",-0.147697494659784,193,4.22280798658722e-10,"sitePW"
"siteDB...387",-0.367393819323007,194,1.09800786306282e-50,"siteDB"
"sitePW...388",-0.184046788180905,194,8.05595007233726e-15,"sitePW"
"siteDB...389",0.016966199602601,195,0.47460221790149,"siteDB"
"sitePW...390",0.0294656142160401,195,0.229129488586834,"sitePW"
"siteDB...391",-0.23953940863344,196,2.44877940806221e-22,"siteDB"
"sitePW...392",-0.106964401044151,196,1.255169767265e-05,"sitePW"
"siteDB...393",-0.532287339709209,197,1.53355210272479e-103,"siteDB"
"sitePW...394",-0.206279614239603,197,3.58564532929006e-19,"sitePW"
"siteDB...395",-0.326898066937153,198,8.23682220184314e-43,"siteDB"
"sitePW...396",-0.279000856167492,198,1.19305409331509e-30,"sitePW"
"siteDB...397",-0.0651476035077526,199,0.00774970212059856,"siteDB"
"sitePW...398",0.0671580456757694,199,0.00487544842224857,"sitePW"
"siteDB...399",-0.284324568070143,200,5.69141783765233e-33,"siteDB"
"sitePW...400",-0.0864750632092304,200,0.00019631060189924,"sitePW"
"siteDB...401",-0.272837147633552,201,2.51812272946048e-26,"siteDB"
"sitePW...402",-0.000178127419566513,201,0.994104985328392,"sitePW"
"siteDB...403",-0.136805969000033,202,2.13001822101247e-08,"siteDB"
"sitePW...404",0.0857758806257786,202,0.000257158855245848,"sitePW"
"siteDB...405",-0.149861185537111,203,2.76786771722884e-09,"siteDB"
"sitePW...406",0.0930954814310024,203,0.000156215527293785,"sitePW"
"siteDB...407",-0.199064158122385,204,2.63581734632436e-17,"siteDB"
"sitePW...408",-0.0781793588255284,204,0.000694084220544016,"sitePW"
"siteDB...409",-0.15773722875146,205,1.35912318944245e-10,"siteDB"
"sitePW...410",-0.0867509674870209,205,0.000465161230288039,"sitePW"
"siteDB...411",-0.294078135417519,206,9.30028611705531e-30,"siteDB"
"sitePW...412",-0.00305806147573418,206,0.901527832461801,"sitePW"
"siteDB...413",-0.115885872526562,207,8.84755832435932e-06,"siteDB"
"sitePW...414",0.175467994588434,207,3.30134501141767e-12,"sitePW"
"siteDB...415",-0.0145106844904205,208,0.547597652943862,"siteDB"
"sitePW...416",-0.0861379118140649,208,0.000511922991041381,"sitePW"
"siteDB...417",-0.219019322062321,209,1.0912122311507e-17,"siteDB"
"sitePW...418",-0.0396622068601729,209,0.111498892019716,"sitePW"
"siteDB...419",-0.329131032140896,210,2.75987920908225e-42,"siteDB"
"sitePW...420",-0.159850740218006,210,3.0843204906154e-11,"sitePW"
"siteDB...421",-0.291175974443432,211,1.11961130262707e-33,"siteDB"
"sitePW...422",-0.120553859342661,211,3.76352949950784e-07,"sitePW"
"siteDB...423",-0.090802470986188,212,0.000240789210269154,"siteDB"
"sitePW...424",0.0298801447836373,212,0.220825701316876,"sitePW"
"siteDB...425",-0.275093427558625,213,2.66351316223545e-28,"siteDB"
"sitePW...426",-0.0688246278248817,213,0.00430236795937115,"sitePW"
"siteDB...427",-0.305615568020362,214,1.00643732367877e-34,"siteDB"
"sitePW...428",-0.125564750034172,214,1.28398169937287e-07,"sitePW"
"siteDB...429",-0.276920927982029,215,3.61641176300049e-27,"siteDB"
"sitePW...430",0.0546509600788357,215,0.0215749014450936,"sitePW"
"siteDB...431",-0.388564386878784,216,2.46491995767179e-52,"siteDB"
"sitePW...432",-0.0372175897656828,216,0.115809606988638,"sitePW"
"siteDB...433",-0.215470997111985,217,5.57424766231679e-20,"siteDB"
"sitePW...434",-0.0823791464702826,217,0.000293188654546919,"sitePW"
"siteDB...435",-0.268383013077601,218,3.78392339348599e-27,"siteDB"
"sitePW...436",-0.119091797319026,218,1.43299590298824e-06,"sitePW"
"siteDB...437",-0.165897873161296,219,7.87820537527152e-12,"siteDB"
"sitePW...438",0.00957558100383859,219,0.680866463269889,"sitePW"
"siteDB...439",-0.376934827086127,220,1.20415863901209e-54,"siteDB"
"sitePW...440",-0.146255133573469,220,2.2573570967599e-10,"sitePW"
"siteDB...441",-0.185275791453946,221,3.53656945433921e-14,"siteDB"
"sitePW...442",-0.0381144142912512,221,0.111873642704162,"sitePW"
"siteDB...443",-0.433192496834128,222,1.84002872148107e-72,"siteDB"
"sitePW...444",-0.123959360853011,222,5.95381403516551e-08,"sitePW"
"siteDB...445",-0.0548035641156414,223,0.026301904782807,"siteDB"
"sitePW...446",-0.115539703029236,223,4.89273683983849e-06,"sitePW"
"siteDB...447",-0.255597071479053,224,3.85856572001452e-22,"siteDB"
"sitePW...448",0.0324624904647379,224,0.190324426707321,"sitePW"
"siteDB...449",-0.186930718554767,225,4.46715702928019e-14,"siteDB"
"sitePW...450",-0.0893902733355966,225,0.000254328496406786,"sitePW"
"siteDB...451",-0.10008891630593,226,4.48702668917729e-05,"siteDB"
"sitePW...452",-0.0486470873319672,226,0.0490495867636841,"sitePW"
"siteDB...453",-0.270867625438452,227,1.39790807414468e-30,"siteDB"
"sitePW...454",-0.283852002614022,227,5.04462351678056e-33,"sitePW"
"siteDB...455",-0.527292887035387,228,2.87738837357023e-107,"siteDB"
"sitePW...456",-0.332709337057817,228,1.20718396750101e-46,"sitePW"
"siteDB...457",-0.112054532430417,229,6.50513648199515e-06,"siteDB"
"sitePW...458",0.164236600160868,229,6.45411087850564e-12,"sitePW"
"siteDB...459",-0.205149563675681,230,1.09955316839393e-17,"siteDB"
"sitePW...460",-0.191218743911877,230,2.35580883986189e-15,"sitePW"
"siteDB...461",-0.407782785195017,231,6.03296423503834e-62,"siteDB"
"sitePW...462",-0.244983956250783,231,2.70373419518438e-24,"sitePW"
"siteDB...463",-0.408055491594448,232,8.47875025269235e-61,"siteDB"
"sitePW...464",-0.0281568712876865,232,0.224444118870582,"sitePW"
"siteDB...465",-0.220814680188075,233,2.01900770997286e-18,"siteDB"
"sitePW...466",-0.0889960101310484,233,0.000424680025853,"sitePW"
"siteDB...467",-0.30204784829701,234,7.87088980377154e-35,"siteDB"
"sitePW...468",-0.0945293594394305,234,6.3749236759528e-05,"sitePW"
"siteDB...469",-0.382614459980742,235,5.29439621403461e-54,"siteDB"
"sitePW...470",-0.171451984291327,235,4.74424298880372e-13,"sitePW"
"siteDB...471",-0.363642197446869,236,1.92025386569363e-52,"siteDB"
"sitePW...472",-0.188551738569626,236,4.11846836315523e-16,"sitePW"
"siteDB...473",-0.290812680351079,237,1.59878228200345e-28,"siteDB"
"sitePW...474",-0.153552275954939,237,2.25620474730744e-09,"sitePW"
"siteDB...475",-0.13834916792401,238,5.70037198616036e-09,"siteDB"
"sitePW...476",-0.077060865179261,238,0.00120805860721111,"sitePW"
"siteDB...477",-0.380307589753573,239,3.10204182483695e-57,"siteDB"
"sitePW...478",-0.0541194222164909,239,0.0146455613573157,"sitePW"
"siteDB...479",-0.550674261345308,240,1.34467599073479e-98,"siteDB"
"sitePW...480",-0.098913007947424,240,2.78964627064374e-05,"sitePW"
"siteDB...481",-0.396194545574733,241,1.85269371180625e-58,"siteDB"
"sitePW...482",-0.137796743556016,241,4.3277775294449e-09,"sitePW"
"siteDB...483",-0.0375322929146383,242,0.134149521665746,"siteDB"
"sitePW...484",0.0367263234870692,242,0.137351789472701,"sitePW"
"siteDB...485",-0.216879244613367,243,1.70912424508516e-18,"siteDB"
"sitePW...486",0.0557584085666066,243,0.0167935311541146,"sitePW"
"siteDB...487",-0.33789237147447,244,4.96170846934447e-38,"siteDB"
"sitePW...488",-0.0123855038163237,244,0.606409440129373,"sitePW"
"siteDB...489",-0.341952279162777,245,2.4960626873388e-39,"siteDB"
"sitePW...490",-0.0181982481386274,245,0.461646822872547,"sitePW"
"siteDB...491",-0.188407024569075,246,1.61094954465974e-14,"siteDB"
"sitePW...492",-0.154146302865246,246,3.27887118619134e-10,"sitePW"
"siteDB...493",-0.268450393015597,247,3.23265737199198e-30,"siteDB"
"sitePW...494",-0.260368682108308,247,1.86691964494758e-28,"sitePW"
"siteDB...495",-0.44773358570949,248,8.45696612754972e-79,"siteDB"
"sitePW...496",-0.359379917284062,248,1.95533323139667e-50,"sitePW"
"siteDB...497",-0.420502087849145,249,4.30142650713059e-64,"siteDB"
"sitePW...498",-0.122216210398989,249,4.18122515277296e-07,"sitePW"
"siteDB...499",-0.349101321588683,250,2.95031869452356e-40,"siteDB"
"sitePW...500",-0.0333644201756504,250,0.186253774096241,"sitePW"
"siteDB...501",-0.303130162153828,251,6.24813260512352e-36,"siteDB"
"sitePW...502",-0.14423812877267,251,1.80877093568292e-09,"sitePW"
"siteDB...503",-0.267174239535876,252,3.08639118460791e-29,"siteDB"
"sitePW...504",-0.170147807660393,252,5.44400192331782e-13,"sitePW"
"siteDB...505",-0.3086375216302,253,1.95582737730544e-37,"siteDB"
"sitePW...506",-0.248982226010908,253,5.83465421007996e-25,"sitePW"
"siteDB...507",-0.329573946217531,254,5.88513476751125e-40,"siteDB"
"sitePW...508",-0.0176628953219025,254,0.454441019868509,"sitePW"
"siteDB...509",-0.304757044203,255,2.10598923392533e-33,"siteDB"
"sitePW...510",0.0885963523111453,255,0.000143123567688603,"sitePW"
"siteDB...511",-0.309411307959846,256,1.07993480460169e-36,"siteDB"
"sitePW...512",-0.139424075537057,256,7.59344641916782e-09,"sitePW"
"siteDB...513",-0.367443318244388,257,5.73306834122582e-49,"siteDB"
"sitePW...514",-0.154182433653405,257,1.36286581897988e-10,"sitePW"
"siteDB...515",-0.508570323597945,258,9.73489946310371e-81,"siteDB"
"sitePW...516",-0.0117076734333175,258,0.629224054343723,"sitePW"
"siteDB...517",0.0845528839478696,259,0.000995947496911145,"siteDB"
"sitePW...518",0.0947095739965201,259,0.000258326398959399,"sitePW"
"siteDB...519",-0.124352446764812,260,7.82637471992411e-07,"siteDB"
"sitePW...520",-0.00358020489547475,260,0.885872689813896,"sitePW"
"siteDB...521",-0.345601811732465,261,1.54409596988955e-50,"siteDB"
"sitePW...522",-0.110197577372353,261,8.57997730375872e-07,"sitePW"
"siteDB...523",-0.129987319466859,262,1.07739808866976e-07,"siteDB"
"sitePW...524",-0.0685205997523557,262,0.00548260574485948,"sitePW"
"siteDB...525",-0.176064457721842,263,3.86655889255266e-12,"siteDB"
"sitePW...526",-0.0381595566528683,263,0.121484177895769,"sitePW"
"siteDB...527",-0.259396011204537,264,3.31233396145519e-27,"siteDB"
"sitePW...528",-0.115167229649679,264,1.09661065301931e-06,"sitePW"
"siteDB...529",-0.273130287795317,265,4.64960600156383e-28,"siteDB"
"sitePW...530",-0.0741663923576496,265,0.00215729605681963,"sitePW"
"siteDB...531",-0.273042030417462,266,5.92640418089794e-29,"siteDB"
"sitePW...532",-0.105627724070968,266,1.13450999716734e-05,"sitePW"
"siteDB...533",-0.383442671297573,267,1.42868261990521e-55,"siteDB"
"sitePW...534",-0.212917039987038,267,8.04420014357902e-19,"sitePW"
"siteDB...535",-0.0525724789371998,268,0.0317839403829547,"siteDB"
"sitePW...536",0.00557960137737719,268,0.823179964331332,"sitePW"
"siteDB...537",-0.418634156926347,269,1.87156339402505e-63,"siteDB"
"sitePW...538",-0.027331371949879,269,0.230067496753782,"sitePW"
"siteDB...539",-0.56417837212813,270,8.43144487311508e-111,"siteDB"
"sitePW...540",-0.218525911490524,270,1.27401037741472e-20,"sitePW"
"siteDB...541",-0.115901163656552,271,9.57401686911707e-07,"siteDB"
"sitePW...542",-0.0597694399886075,271,0.0139135843480677,"sitePW"
"siteDB...543",-0.290876595688105,272,1.29778282736316e-32,"siteDB"
"sitePW...544",0.000282266819683746,272,0.990355312367668,"sitePW"
"siteDB...545",-0.249708391643027,273,1.07061659643683e-23,"siteDB"
"sitePW...546",-0.0380195407565348,273,0.118462388196796,"sitePW"
"siteDB...547",-0.138753805828719,274,3.40163907481868e-07,"siteDB"
"sitePW...548",0.133374949420132,274,3.01320296906447e-07,"sitePW"
"siteDB...549",-0.105940315962366,275,1.36910284529094e-05,"siteDB"
"sitePW...550",0.0746317610335428,275,0.00184913607400681,"sitePW"
"siteDB...551",-0.167007747283746,276,1.58785856154442e-11,"siteDB"
"sitePW...552",-0.139206008934046,276,2.804026445875e-08,"sitePW"
"siteDB...553",-0.204752414476598,277,8.67500858982836e-17,"siteDB"
"sitePW...554",0.0762047326857519,277,0.00127896492161966,"sitePW"
"siteDB...555",-0.280008479736966,278,2.87212067949445e-27,"siteDB"
"sitePW...556",0.0871868448387304,278,0.000300022176545138,"sitePW"
"siteDB...557",-0.333261541126202,279,9.20367282984515e-41,"siteDB"
"sitePW...558",-0.203288831504977,279,1.64282729240033e-16,"sitePW"
"siteDB...559",-0.166928997942903,280,1.44805710329334e-11,"siteDB"
"sitePW...560",0.0855527023381179,280,0.000421474445200779,"sitePW"
"siteDB...561",-0.332626054483686,281,2.52128026733487e-41,"siteDB"
"sitePW...562",-0.188902742453261,281,7.34426579951952e-15,"sitePW"
"siteDB...563",-0.149554862715652,282,1.89520631168379e-09,"siteDB"
"sitePW...564",-0.0138595905654473,282,0.573534521764985,"sitePW"
"siteDB...565",-0.374459864705736,283,2.31924652942568e-53,"siteDB"
"sitePW...566",-0.1304856705982,283,3.40477049079951e-08,"sitePW"
"siteDB...567",-0.288179751349883,284,3.5327285597423e-34,"siteDB"
"sitePW...568",-0.187150759874201,284,1.87610788589708e-15,"sitePW"
"siteDB...569",-0.351074619091381,285,1.45293007141659e-42,"siteDB"
"sitePW...570",-0.0485266156003831,285,0.0468783929544637,"sitePW"
"siteDB...571",-0.259287247905357,286,3.76050173293659e-26,"siteDB"
"sitePW...572",-0.101823992367796,286,2.25911506582241e-05,"sitePW"
"siteDB...573",-0.211586596088635,287,7.74057351207763e-17,"siteDB"
"sitePW...574",0.0624069619606467,287,0.00962700536097027,"sitePW"
"siteDB...575",-0.333728812739409,288,1.02310129030149e-41,"siteDB"
"sitePW...576",-0.15585792668201,288,6.32113782818895e-11,"sitePW"
"siteDB...577",-0.147467532855371,289,1.01988380976987e-09,"siteDB"
"sitePW...578",0.0122796512837394,289,0.603065090182957,"sitePW"
"siteDB...579",-0.229494396638273,290,1.0630750948637e-21,"siteDB"
"sitePW...580",-0.0610214898203296,290,0.00924126298038004,"sitePW"
"siteDB...581",-0.21483171975147,291,3.6251364998643e-19,"siteDB"
"sitePW...582",-0.00121435839940267,291,0.958940449956873,"sitePW"
"siteDB...583",-0.22712076184569,292,6.77871744693018e-20,"siteDB"
"sitePW...584",-0.0770490373113025,292,0.00149065575787701,"sitePW"
"siteDB...585",-0.125275821164635,293,1.26456358900939e-07,"siteDB"
"sitePW...586",-0.198054974798334,293,4.09083562297536e-16,"sitePW"
"siteDB...587",-0.340515125487735,294,3.59031019508856e-41,"siteDB"
"sitePW...588",0.0504391773129117,294,0.0317740590665813,"sitePW"
"siteDB...589",-0.342909743920352,295,2.0851963929854e-44,"siteDB"
"sitePW...590",-0.158800212931933,295,9.56953872946125e-12,"sitePW"
"siteDB...591",-0.246778331327882,296,3.53148963738124e-25,"siteDB"
"sitePW...592",-0.175434476304394,296,2.65811469246011e-13,"sitePW"
"siteDB...593",-0.425411038944414,297,2.02099677682502e-63,"siteDB"
"sitePW...594",-0.0885180748639215,297,0.00018749924611483,"sitePW"
"siteDB...595",-0.132286481165934,298,1.16261112016183e-07,"siteDB"
"sitePW...596",0.026226936228478,298,0.286425182006048,"sitePW"
"siteDB...597",-0.353599831152149,299,1.29818434186864e-48,"siteDB"
"sitePW...598",-0.0954334214170012,299,3.28162764381881e-05,"sitePW"
"siteDB...599",-0.0557881129115464,300,0.0262273070592619,"siteDB"
"sitePW...600",0.01558349882543,300,0.541940066901916,"sitePW"
"siteDB...601",-0.248549147224132,301,3.99280195325049e-24,"siteDB"
"sitePW...602",-0.187400537185796,301,2.27610519697253e-14,"sitePW"
"siteDB...603",-0.424054650028922,302,4.29443639313388e-64,"siteDB"
"sitePW...604",-0.259948886355106,302,3.05179607053793e-27,"sitePW"
"siteDB...605",-0.421583537392846,303,5.87647602322775e-65,"siteDB"
"sitePW...606",-0.110306040495275,303,2.2145835300205e-06,"sitePW"
"siteDB...607",-0.276030966207533,304,1.35971996766463e-28,"siteDB"
"sitePW...608",-0.12469199707674,304,2.48167959735574e-07,"sitePW"
"siteDB...609",-0.35858442930901,305,4.75536918503759e-47,"siteDB"
"sitePW...610",-0.184479861243059,305,1.61924305606719e-14,"sitePW"
"siteDB...611",-0.375226477084912,306,4.43852941917086e-54,"siteDB"
"sitePW...612",-0.0457654838746878,306,0.043970894823349,"sitePW"
"siteDB...613",-0.322885078586146,307,2.97553344891435e-37,"siteDB"
"sitePW...614",-0.0685207433795275,307,0.00522219776126837,"sitePW"
"siteDB...615",-0.240935460252479,308,6.31949910447892e-22,"siteDB"
"sitePW...616",0.116856218115402,308,5.91074530325075e-07,"sitePW"
"siteDB...617",-0.31534167967153,309,6.53876687427787e-38,"siteDB"
"sitePW...618",-0.136689057832827,309,1.989817873338e-08,"sitePW"
"siteDB...619",-0.544737511339911,310,6.89955252331035e-101,"siteDB"
"sitePW...620",-0.0774861973371241,310,0.000905087686284617,"sitePW"
"siteDB...621",-0.118092346575086,311,2.40817889881837e-06,"siteDB"
"sitePW...622",0.0730008801082181,311,0.00297773828853717,"sitePW"
"siteDB...623",-0.251464875280325,312,3.41244167425243e-26,"siteDB"
"sitePW...624",-0.195026521787041,312,4.42345340604239e-16,"sitePW"
"siteDB...625",-0.200591667598093,313,7.12529290020266e-17,"siteDB"
"sitePW...626",-0.0320297514688733,313,0.17150948658602,"sitePW"
"siteDB...627",-0.219192907952948,314,5.01676359893377e-20,"siteDB"
"sitePW...628",-0.249716716101129,314,2.66311847278743e-24,"sitePW"
"siteDB...629",-0.225275241281806,315,1.28693406911605e-19,"siteDB"
"sitePW...630",0.0406671982051638,315,0.0844854987357537,"sitePW"
"siteDB...631",-0.143578247509285,316,5.58822314984725e-09,"siteDB"
"sitePW...632",0.000499974863436914,316,0.983486174374232,"sitePW"
"siteDB...633",-0.193976207497506,317,7.23678055902026e-16,"siteDB"
"sitePW...634",-0.0128605315838509,317,0.581278816341541,"sitePW"
"siteDB...635",-0.157221217331213,318,1.44898870628294e-11,"siteDB"
"sitePW...636",-0.125132543398608,318,5.56998886735903e-08,"sitePW"
"siteDB...637",-0.348300459032178,319,9.0272637464025e-51,"siteDB"
"sitePW...638",-0.165127117744439,319,1.80379819648838e-13,"sitePW"
"siteDB...639",-0.179742240980004,320,3.67672820881032e-13,"siteDB"
"sitePW...640",-0.0491119528334946,320,0.0433820931912331,"sitePW"
"siteDB...641",-0.224529493970287,321,1.59135465615477e-20,"siteDB"
"sitePW...642",-0.0499997173472967,321,0.0346953045704315,"sitePW"
"siteDB...643",-0.23532615616471,322,1.66398282258471e-21,"siteDB"
"sitePW...644",-0.0574362176548088,322,0.0161976649106593,"sitePW"
"siteDB...645",-0.133227396696704,323,3.53190534858991e-08,"siteDB"
"sitePW...646",-0.040660117961387,323,0.091083298772366,"sitePW"
"siteDB...647",-0.184898606334758,324,4.82795838704038e-13,"siteDB"
"sitePW...648",0.0931638621494585,324,0.000126701239115294,"sitePW"
"siteDB...649",-0.0888557627574567,325,0.000401252696779736,"siteDB"
"sitePW...650",0.089597740561534,325,0.000261730813244946,"sitePW"
"siteDB...651",-0.307639811678771,326,9.90488821342371e-35,"siteDB"
"sitePW...652",-0.0539495220555368,326,0.0223404770353212,"sitePW"
"siteDB...653",-0.424969709366851,327,6.91200953055776e-62,"siteDB"
"sitePW...654",-0.191171290797969,327,8.88101623519243e-15,"sitePW"
"siteDB...655",-0.34983990827608,328,3.14545839549473e-47,"siteDB"
"sitePW...656",-0.214356157191109,328,1.03611640723816e-19,"sitePW"
"siteDB...657",-0.319676662120198,329,1.72258938421461e-40,"siteDB"
"sitePW...658",-0.183712690714982,329,1.64721929711161e-15,"sitePW"
"siteDB...659",-0.316247311581352,330,5.34964772360032e-38,"siteDB"
"sitePW...660",-0.149638868350302,330,4.68775707299225e-10,"sitePW"
"siteDB...661",-0.36860678722323,331,1.20120076931017e-44,"siteDB"
"sitePW...662",0.0411526596555631,331,0.0905943733308275,"sitePW"
"siteDB...663",-0.319253014546606,332,2.55839691333879e-39,"siteDB"
"sitePW...664",-0.141845232934335,332,4.00248439824577e-09,"sitePW"
"siteDB...665",-0.17495603346083,333,1.29571670000394e-13,"siteDB"
"sitePW...666",-0.0214319164819683,333,0.359790930848404,"sitePW"
"siteDB...667",-0.176965104563487,334,1.50597362623456e-14,"siteDB"
"sitePW...668",-0.191516009049699,334,1.10934161127819e-16,"sitePW"
"siteDB...669",-0.193921720742432,335,1.69064332077058e-15,"siteDB"
"sitePW...670",-0.000852209089624187,335,0.971560810269014,"sitePW"
"siteDB...671",-0.126358323639617,336,4.6931522709689e-07,"siteDB"
"sitePW...672",0.0189279336745205,336,0.440713018477091,"sitePW"
"siteDB...673",-0.277268615323892,337,1.10779944643192e-26,"siteDB"
"sitePW...674",-0.0351162411645897,337,0.158651582880454,"sitePW"
"siteDB...675",-0.220559694040269,338,2.30879981703112e-18,"siteDB"
"sitePW...676",-0.0526563745918494,338,0.0334973304580753,"sitePW"
"siteDB...677",-0.354801685407557,339,1.16503153961988e-42,"siteDB"
"sitePW...678",-0.167014121000352,339,2.33912569216153e-11,"sitePW"
"siteDB...679",-0.221103272247335,340,6.5475992411076e-20,"siteDB"
"sitePW...680",0.0514102792777095,340,0.0275883883155775,"sitePW"
"siteDB...681",-0.3365057643068,341,8.78645710830962e-42,"siteDB"
"sitePW...682",-0.164213971694859,341,9.15758499131496e-12,"sitePW"
"siteDB...683",-0.246672429631602,342,1.53253306883564e-24,"siteDB"
"sitePW...684",-0.161476857245364,342,1.03446651711718e-11,"sitePW"
"siteDB...685",-0.48364902327266,343,2.92370164530473e-85,"siteDB"
"sitePW...686",-0.270052043380166,343,1.84450206004177e-30,"sitePW"
"siteDB...687",-0.102410789145102,344,2.64575159960007e-05,"siteDB"
"sitePW...688",-0.111427853922609,344,8.08491815631949e-06,"sitePW"
"siteDB...689",-0.28182497181071,345,5.78289999178597e-30,"siteDB"
"sitePW...690",-0.089508446761239,345,0.0001978973916175,"sitePW"
"siteDB...691",-0.177970302101944,346,3.3421445270453e-13,"siteDB"
"sitePW...692",0.0116280121901658,346,0.618639399605278,"sitePW"
"siteDB...693",-0.269009601092795,347,6.69882428067079e-25,"siteDB"
"sitePW...694",0.0315076957650263,347,0.20884357631774,"sitePW"
"siteDB...695",-0.25558137694704,348,6.16942095935429e-26,"siteDB"
"sitePW...696",-0.0583720265484595,348,0.0126884827275074,"sitePW"
"siteDB...697",-0.300597119393051,349,1.86020513890753e-35,"siteDB"
"sitePW...698",-0.0681517806959863,349,0.0038066473045882,"sitePW"
"siteDB...699",-0.248227368462775,350,5.4151955023936e-23,"siteDB"
"sitePW...700",-0.0565586217781885,350,0.0193479173561016,"sitePW"
"siteDB...701",-0.314737980545475,351,6.07047895161149e-39,"siteDB"
"sitePW...702",-0.1349933215955,351,8.8135560698917e-09,"sitePW"
"siteDB...703",-0.141497059251508,352,2.9579419225492e-09,"siteDB"
"sitePW...704",-0.105460179752281,352,1.15863587388877e-05,"sitePW"
"siteDB...705",-0.277375871692637,353,1.03374137886138e-28,"siteDB"
"sitePW...706",-0.182082359123818,353,2.78776355183572e-13,"sitePW"
"siteDB...707",-0.264880302753941,354,1.59149801870144e-26,"siteDB"
"sitePW...708",-0.0368273534814848,354,0.122103483997004,"sitePW"
"siteDB...709",-0.309402080487378,355,1.44418850862633e-34,"siteDB"
"sitePW...710",0.0490220867898278,355,0.0389599169732987,"sitePW"
"siteDB...711",-0.296323836346288,356,1.27707513341897e-29,"siteDB"
"sitePW...712",-0.0673170912597684,356,0.00697157345083557,"sitePW"
"siteDB...713",-0.361480310633236,357,5.79221212562951e-49,"siteDB"
"sitePW...714",-0.155888335100129,357,5.35551094476006e-11,"sitePW"
"siteDB...715",-0.199359457917145,358,1.79113662294422e-15,"siteDB"
"sitePW...716",-0.0633548329475472,358,0.00936203086129937,"sitePW"
"siteDB...717",-0.14089191765661,359,1.26006606871751e-08,"siteDB"
"sitePW...718",-0.113425156710748,359,6.2203152619996e-06,"sitePW"
"siteDB...719",-0.240116088602887,360,3.14583163003479e-20,"siteDB"
"sitePW...720",-0.0401462778066215,360,0.109707969099459,"sitePW"
"siteDB...721",-0.204322553676011,361,5.05658262133562e-16,"siteDB"
"sitePW...722",0.00387851618479912,361,0.871975374809417,"sitePW"
"siteDB...723",-0.00889260108217198,362,0.713443230271031,"siteDB"
"sitePW...724",-0.0342490713760127,362,0.166417588675349,"sitePW"
"siteDB...725",-0.528589799591939,363,1.13459387804574e-92,"siteDB"
"sitePW...726",-0.0483166916326352,363,0.0422386884556439,"sitePW"
"siteDB...727",-0.203920387871784,364,4.18926880433755e-15,"siteDB"
"sitePW...728",0.073767023929311,364,0.00293719066667501,"sitePW"
"siteDB...729",-0.275991304749027,365,1.60909324003545e-27,"siteDB"
"sitePW...730",-0.113562355449433,365,4.20346857001207e-06,"sitePW"
"siteDB...731",-0.293577041263648,366,3.18914979519655e-36,"siteDB"
"sitePW...732",-0.246299259997316,366,9.54712535145986e-25,"sitePW"
"siteDB...733",-0.0922924551664806,367,0.00013782057327776,"siteDB"
"sitePW...734",0.0681775622717608,367,0.00434963431569802,"sitePW"
"siteDB...735",-0.469625462919334,368,1.03559758017186e-70,"siteDB"
"sitePW...736",-0.106914558679173,368,1.81734347033227e-05,"sitePW"
"siteDB...737",-0.196628540762759,369,2.75973426893305e-15,"siteDB"
"sitePW...738",-0.0322210491165953,369,0.191711080150831,"sitePW"
"siteDB...739",-0.405321922715616,370,3.2626684830878e-59,"siteDB"
"sitePW...740",-0.102820645303527,370,1.26399286012942e-05,"sitePW"
"siteDB...741",0.0596546578305113,371,0.0276217144104874,"siteDB"
"sitePW...742",0.32025007315216,371,1.54888882497292e-33,"sitePW"
"siteDB...743",-0.201434090342607,372,5.62831839321552e-16,"siteDB"
"sitePW...744",-0.0387589675056442,372,0.112018109256156,"sitePW"
"siteDB...745",-0.295320822483221,373,3.09881033197209e-30,"siteDB"
"sitePW...746",-0.083244997727467,373,0.000784897993741,"sitePW"
"siteDB...747",-0.158965586270839,374,4.03434949545636e-10,"siteDB"
"sitePW...748",0.0972953765661757,374,6.87825076084924e-05,"sitePW"
"siteDB...749",-0.280287759755943,375,8.89010406623008e-29,"siteDB"
"sitePW...750",0.0278018424387912,375,0.245520248481849,"sitePW"
"siteDB...751",-0.192278089139488,376,5.85843920171249e-16,"siteDB"
"sitePW...752",-0.152368336459415,376,3.13546669464719e-10,"sitePW"
"siteDB...753",-0.42153748936731,377,4.11809820149553e-67,"siteDB"
"sitePW...754",-0.189209824376042,377,1.53628468467308e-15,"sitePW"
"siteDB...755",-0.385338339627846,378,6.40478989749763e-54,"siteDB"
"sitePW...756",-0.131798435791379,378,2.47805866779877e-08,"sitePW"
"siteDB...757",-0.156050739664373,379,1.16981268936137e-09,"siteDB"
"sitePW...758",-0.00218622424474804,379,0.929491357544758,"sitePW"
"siteDB...759",-0.291994415928925,380,3.6242760315285e-34,"siteDB"
"sitePW...760",-0.197443978701965,380,6.94327014720353e-17,"sitePW"
"siteDB...761",-0.25942268904988,381,1.05972088495536e-25,"siteDB"
"sitePW...762",-0.0438869651858491,381,0.0664774456259721,"sitePW"
"siteDB...763",-0.116826654032492,382,1.12266707207858e-06,"siteDB"
"sitePW...764",-0.108864967941183,382,7.03081341557929e-06,"sitePW"
"siteDB...765",-0.274903756846129,383,2.35642133359305e-26,"siteDB"
"sitePW...766",-0.169056070313957,383,2.12123204902016e-11,"sitePW"
"siteDB...767",-0.173253757810202,384,2.46567630560552e-13,"siteDB"
"sitePW...768",-0.0112483550941707,384,0.624796904148547,"sitePW"
"siteDB...769",-0.223588080977814,385,1.46235239015981e-18,"siteDB"
"sitePW...770",0.122285398606964,385,3.07379263755233e-07,"sitePW"
"siteDB...771",-0.427298473792358,386,5.03263645706355e-72,"siteDB"
"sitePW...772",-0.366686859589225,386,5.24862703465068e-52,"sitePW"
"siteDB...773",-0.515323634559188,387,7.43443709014111e-98,"siteDB"
"sitePW...774",-0.238001715618926,387,8.68532248204108e-25,"sitePW"
"siteDB...775",-0.298688998369634,388,3.44007724730494e-36,"siteDB"
"sitePW...776",-0.259017627746054,388,2.25439389558171e-26,"sitePW"
"siteDB...777",-0.0466956634753184,389,0.0709849968827906,"siteDB"
"sitePW...778",0.198812092625508,389,3.69334509495037e-15,"sitePW"
"siteDB...779",-0.2118217474087,390,1.68395598322499e-16,"siteDB"
"sitePW...780",0.103077252757758,390,2.20302335836943e-05,"sitePW"
"siteDB...781",-0.195745998498423,391,9.41218026566043e-15,"siteDB"
"sitePW...782",0.0990408083695409,391,3.44235730424252e-05,"sitePW"
"siteDB...783",-0.471350441376666,392,5.10311507640521e-72,"siteDB"
"sitePW...784",-0.0631937904876338,392,0.00817646254111193,"sitePW"
"siteDB...785",-0.343835154836119,393,1.65201674987188e-42,"siteDB"
"sitePW...786",-0.0980332894425145,393,4.23953764329184e-05,"sitePW"
"siteDB...787",-0.445734591626116,394,1.08848381343485e-69,"siteDB"
"sitePW...788",-0.156564051506046,394,3.81792442972446e-11,"sitePW"
"siteDB...789",-0.133020912445516,395,1.21554383615052e-07,"siteDB"
"sitePW...790",0.0905038550873281,395,0.00020149932404088,"sitePW"
"siteDB...791",-0.44189538617942,396,5.30484322523335e-75,"siteDB"
"sitePW...792",-0.238897018261947,396,3.29261101548864e-24,"sitePW"
"siteDB...793",-0.442163398775415,397,1.14400858047654e-71,"siteDB"
"sitePW...794",-0.0835909176548417,397,0.000350517605010099,"sitePW"
"siteDB...795",-0.485877590011523,398,2.08534999685059e-84,"siteDB"
"sitePW...796",-0.105049504306258,398,5.3727042545879e-06,"sitePW"
"siteDB...797",-0.0803145404604163,399,0.00109971418010837,"siteDB"
"sitePW...798",-0.0590706863544542,399,0.0189396744649225,"sitePW"
"siteDB...799",-0.0834738869545679,400,0.000824375047737573,"siteDB"
"sitePW...800",0.0518884155139012,400,0.0337228772642594,"sitePW"
"siteDB...801",-0.0921618041489087,401,0.000223820230168325,"siteDB"
"sitePW...802",-0.020393166008013,401,0.412606556233314,"sitePW"
"siteDB...803",-0.364141136787335,402,1.79808547372282e-54,"siteDB"
"sitePW...804",-0.185334534483217,402,9.34980626536145e-16,"sitePW"
"siteDB...805",-0.179249596012259,403,2.79896842887115e-14,"siteDB"
"sitePW...806",-0.0585321838015978,403,0.0129141398328567,"sitePW"
"siteDB...807",-0.370325254248435,404,1.33171574116047e-49,"siteDB"
"sitePW...808",-0.0393199084844852,404,0.0920224805049302,"sitePW"
"siteDB...809",-0.35440493320445,405,2.12173073275315e-45,"siteDB"
"sitePW...810",-0.117189073042159,405,1.29530500311891e-06,"sitePW"
"siteDB...811",-0.397252198220635,406,2.90412709135775e-58,"siteDB"
"sitePW...812",-0.115999778846407,406,6.55340627492463e-07,"sitePW"
"siteDB...813",-0.339748744014224,407,6.43159166562345e-46,"siteDB"
"sitePW...814",-0.177776423982944,407,2.07596140056103e-14,"sitePW"
"siteDB...815",-0.396280753631223,408,5.27572975496894e-57,"siteDB"
"sitePW...816",-0.215877568205524,408,7.29668463027084e-19,"sitePW"
"siteDB...817",-0.398218257030417,409,1.23487357577717e-61,"siteDB"
"sitePW...818",-0.213394801855808,409,1.09820923631331e-19,"sitePW"
"siteDB...819",-0.356573892503156,410,2.25172593791034e-47,"siteDB"
"sitePW...820",-0.0282652981641279,410,0.227928911832849,"sitePW"
"siteDB...821",-0.215993763141493,411,1.4419505664901e-16,"siteDB"
"sitePW...822",0.0135995717650848,411,0.582217164480497,"sitePW"
"siteDB...823",-0.27048629510489,412,4.12230871739331e-30,"siteDB"
"sitePW...824",-0.140939825764881,412,2.74389123507342e-09,"sitePW"
"siteDB...825",-0.141563631886343,413,8.73367436056103e-09,"siteDB"
"sitePW...826",0.0557623194584273,413,0.0197026026870191,"sitePW"
"siteDB...827",-0.227180157882468,414,3.15922559808715e-19,"siteDB"
"sitePW...828",-0.0058182083118663,414,0.810205056265592,"sitePW"
"siteDB...829",-0.234018732654849,415,1.45840250157263e-21,"siteDB"
"sitePW...830",-0.134189952042639,415,4.22535425342455e-08,"sitePW"
"siteDB...831",-0.219710322224784,416,1.78455036796276e-19,"siteDB"
"sitePW...832",-0.124615990044653,416,2.08849738582468e-07,"sitePW"
"siteDB...833",-0.287850401790344,417,6.07427040384456e-30,"siteDB"
"sitePW...834",-0.0411516541117093,417,0.0910401035939643,"sitePW"
"siteDB...835",-0.20555786540409,418,1.21377689326558e-16,"siteDB"
"sitePW...836",0.057883905197657,418,0.015281512461423,"sitePW"
"siteDB...837",-0.269037022013873,419,8.86069248929795e-27,"siteDB"
"sitePW...838",-0.0589604594472574,419,0.0137902227700452,"sitePW"
"siteDB...839",-0.410861425798722,420,8.59835280177731e-62,"siteDB"
"sitePW...840",-0.0235866862862125,420,0.299014236881243,"sitePW"
"siteDB...841",-0.110144154235767,421,8.31530100140836e-06,"siteDB"
"sitePW...842",0.115494816670173,421,1.14213439485563e-06,"sitePW"
"siteDB...843",-0.329409733143315,422,2.67293378380308e-39,"siteDB"
"sitePW...844",-0.0814094637594058,422,0.000590508458783512,"sitePW"
"siteDB...845",-0.119496767960072,423,1.63645544837895e-06,"siteDB"
"sitePW...846",-0.000460132114488455,423,0.985114720057324,"sitePW"
"siteDB...847",-0.178923881501308,424,1.41836153168459e-12,"siteDB"
"sitePW...848",0.0720963841235014,424,0.00321550134528117,"sitePW"
"siteDB...849",-0.231855062844676,425,4.47691699860559e-21,"siteDB"
"sitePW...850",-0.0535397476854849,425,0.0251651675297784,"sitePW"
"siteDB...851",-0.311532398979899,426,1.76740341704838e-39,"siteDB"
"sitePW...852",-0.277160242009915,426,4.74169807488356e-30,"sitePW"
"siteDB...853",0.029159541946714,427,0.263900719753606,"siteDB"
"sitePW...854",0.238727572951261,427,3.35405972843927e-21,"sitePW"
"siteDB...855",-0.229548151846285,428,8.82410613393784e-20,"siteDB"
"sitePW...856",-0.0850622170260543,428,0.000679558836583277,"sitePW"
"siteDB...857",-0.236502177513297,429,3.30122206526591e-19,"siteDB"
"sitePW...858",0.202285730959918,429,1.13362855444729e-16,"sitePW"
"siteDB...859",-0.312762679129816,430,1.49826174578699e-33,"siteDB"
"sitePW...860",0.0972065776168847,430,6.0871411538193e-05,"sitePW"
"siteDB...861",-0.00987665413069728,431,0.691379703503015,"siteDB"
"sitePW...862",0.139889995998028,431,1.77660298167159e-08,"sitePW"
"siteDB...863",-0.07861349087421,432,0.00145198055513382,"siteDB"
"sitePW...864",-0.0242751419303837,432,0.334243685202303,"sitePW"
"siteDB...865",-0.0904844925579983,433,0.000220837446588828,"siteDB"
"sitePW...866",-0.0953959121955923,433,0.000111526134042723,"sitePW"
"siteDB...867",-0.268835707564056,434,1.48246923998239e-25,"siteDB"
"sitePW...868",-0.0818622812405569,434,0.00120009525250701,"sitePW"
"siteDB...869",-0.368583452059303,435,8.04062637550972e-51,"siteDB"
"sitePW...870",-0.0603360226322578,435,0.0107991742137404,"sitePW"
"siteDB...871",-0.367956108436311,436,6.00437117608266e-54,"siteDB"
"sitePW...872",-0.286359966879554,436,4.76345949520169e-33,"sitePW"
"siteDB...873",-0.185916188309082,437,1.09060865947758e-12,"siteDB"
"sitePW...874",0.234803867276873,437,2.81113705783434e-22,"sitePW"
"siteDB...875",-0.347810898668815,438,1.55138179728652e-42,"siteDB"
"sitePW...876",-0.136341522101724,438,2.35037987939482e-08,"sitePW"
"siteDB...877",-0.342836655716248,439,8.56577100882624e-45,"siteDB"
"sitePW...878",-0.0518093655604868,439,0.0265663435757744,"sitePW"
"siteDB...879",-0.118558664273034,440,4.03470928393704e-06,"siteDB"
"sitePW...880",-0.0513800508424825,440,0.0453469294786627,"sitePW"
"siteDB...881",-0.309426494593081,441,3.31166260413672e-33,"siteDB"
"sitePW...882",-0.0891352416509761,441,0.000277875224182043,"sitePW"
"siteDB...883",-0.377854177601746,442,1.14965749059597e-46,"siteDB"
"sitePW...884",-0.0621627584941655,442,0.0145263585752838,"sitePW"
"siteDB...885",-0.516963288622056,443,1.87440087795178e-93,"siteDB"
"sitePW...886",-0.19092610885799,443,1.05143164869296e-15,"sitePW"
"siteDB...887",-0.327543713387747,444,1.27100710918877e-41,"siteDB"
"sitePW...888",-0.112350726138005,444,1.80607572463983e-06,"sitePW"
"siteDB...889",-0.272039482563671,445,1.68306593276474e-26,"siteDB"
"sitePW...890",-0.0351871288760403,445,0.155607569371699,"sitePW"
"siteDB...891",-0.07783214001819,446,0.00130462456462873,"siteDB"
"sitePW...892",-0.0964267226207816,446,8.47989447353231e-05,"sitePW"
"siteDB...893",-0.381644126489305,447,1.68301061332221e-54,"siteDB"
"sitePW...894",-0.182888673298364,447,4.826843490998e-15,"sitePW"
"siteDB...895",-0.18671682285113,448,2.45297026317446e-14,"siteDB"
"sitePW...896",-0.0462204979360442,448,0.0556881131390183,"sitePW"
"siteDB...897",-0.352123587570528,449,2.09357723550757e-47,"siteDB"
"sitePW...898",-0.111350597930177,449,1.93417500889258e-06,"sitePW"
"siteDB...899",-0.408368362124596,450,3.84398597788713e-56,"siteDB"
"sitePW...900",-0.158414240419577,450,2.35812689112169e-10,"sitePW"
"siteDB...901",-0.0990622564840719,451,7.68755782195999e-05,"siteDB"
"sitePW...902",0.0976945904128813,451,6.71757005477694e-05,"sitePW"
"siteDB...903",-0.331666132736605,452,3.30145792806367e-44,"siteDB"
"sitePW...904",-0.135861268530414,452,3.98896213375855e-09,"sitePW"
"siteDB...905",-0.237175256867338,453,1.36054897550071e-22,"siteDB"
"sitePW...906",-0.209234151170489,453,1.74996839956664e-17,"sitePW"
"siteDB...907",-0.197954350913986,454,4.94667587049275e-15,"siteDB"
"sitePW...908",-0.0712752478626945,454,0.00464862391576973,"sitePW"
"siteDB...909",-0.324311473319106,455,1.31451238204743e-37,"siteDB"
"sitePW...910",-0.0404216096726839,455,0.0919736013641376,"sitePW"
"siteDB...911",-0.22200873688821,456,4.2559911146094e-19,"siteDB"
"sitePW...912",-0.0796717437099707,456,0.00113160126984532,"sitePW"
"siteDB...913",-0.260975966434617,457,1.75744026884324e-25,"siteDB"
"sitePW...914",0.0216341031918786,457,0.358632253125426,"sitePW"
"siteDB...915",-0.227717333966216,458,4.18928955633607e-20,"siteDB"
"sitePW...916",-0.0143846465006226,458,0.553602792416614,"sitePW"
"siteDB...917",-0.503592237974551,459,8.423095035477e-87,"siteDB"
"sitePW...918",-0.1239477513418,459,1.82488059204556e-07,"sitePW"
"siteDB...919",-0.32440551305621,460,4.46027886943312e-39,"siteDB"
"sitePW...920",-0.0467917089840187,460,0.04577526574759,"sitePW"
"siteDB...921",-0.208185697027674,461,1.2258721186568e-16,"siteDB"
"sitePW...922",-0.077350042869493,461,0.00181137464773831,"sitePW"
"siteDB...923",-0.3299936280139,462,2.15699758531213e-37,"siteDB"
"sitePW...924",-0.130495047958276,462,1.54434136756445e-07,"sitePW"
"siteDB...925",-0.369006007895481,463,5.68617996495942e-55,"siteDB"
"sitePW...926",-0.181225805267893,463,2.6188264966054e-15,"sitePW"
"siteDB...927",-0.353231731633919,464,9.96568970471159e-46,"siteDB"
"sitePW...928",-0.073970148605819,464,0.00169811152252811,"sitePW"
"siteDB...929",-0.303343225916174,465,9.34091665031624e-30,"siteDB"
"sitePW...930",0.063573188547872,465,0.00980397648936519,"sitePW"
"siteDB...931",0.0162046737014015,466,0.511750379850729,"siteDB"
"sitePW...932",0.0912569035547828,466,0.000239995121973246,"sitePW"
"siteDB...933",-0.184266784313475,467,1.77907314000893e-13,"siteDB"
"sitePW...934",0.0174777651272873,467,0.471435055632188,"sitePW"
"siteDB...935",0.0251743985657021,468,0.323203680205599,"siteDB"
"sitePW...936",0.149582296254155,468,1.30256540389284e-09,"sitePW"
"siteDB...937",-0.467889052639471,469,9.99912289051029e-81,"siteDB"
"sitePW...938",-0.10914548905076,469,2.35042217554885e-06,"sitePW"
"siteDB...939",-0.465388888634463,470,5.08867909712724e-80,"siteDB"
"sitePW...940",-0.212210616183988,470,1.21742584038573e-19,"sitePW"
"siteDB...941",-0.247734676438774,471,1.55167977104595e-23,"siteDB"
"sitePW...942",-0.0997225475869746,471,3.67146901644043e-05,"sitePW"
"siteDB...943",-0.315360537414227,472,1.80459799567283e-37,"siteDB"
"sitePW...944",-0.240668531731125,472,2.96265347170928e-22,"sitePW"
"siteDB...945",-0.0480253391196806,473,0.0553187562105525,"siteDB"
"sitePW...946",0.0144850284179601,473,0.571421830550314,"sitePW"
"siteDB...947",-0.477080298505359,474,8.16701515505395e-80,"siteDB"
"sitePW...948",-0.14426653638919,474,8.67262991423301e-10,"sitePW"
"siteDB...949",-0.105299619293277,475,2.34915957024806e-05,"siteDB"
"sitePW...950",0.0763154644684581,475,0.00176639649109623,"sitePW"
"siteDB...951",-0.128204744157095,476,3.20427360938339e-07,"siteDB"
"sitePW...952",-0.028166311547103,476,0.244374232182164,"sitePW"
"siteDB...953",-0.184721464787037,477,7.45239492462718e-13,"siteDB"
"sitePW...954",0.0876859232379951,477,0.000420548725527568,"sitePW"
"siteDB...955",-0.207340001477901,478,2.14450524526296e-17,"siteDB"
"sitePW...956",-0.097088441864,478,6.6892706904274e-05,"sitePW"
"siteDB...957",-0.36569850067946,479,7.03362433443285e-49,"siteDB"
"sitePW...958",-0.145733200165991,479,1.0114098844887e-09,"sitePW"
"siteDB...959",-0.244972391761032,480,9.54332711849607e-24,"siteDB"
"sitePW...960",-0.243027083268929,480,9.94069839527185e-23,"sitePW"
"siteDB...961",-0.271478920657575,481,3.03700745186763e-26,"siteDB"
"sitePW...962",-0.149996899066294,481,3.33976249369137e-09,"sitePW"
"siteDB...963",-0.45968027838461,482,2.28029549651935e-75,"siteDB"
"sitePW...964",0.0267190881886873,482,0.241133011669329,"sitePW"
"siteDB...965",-0.338319379691472,483,2.80529281662328e-41,"siteDB"
"sitePW...966",-0.174488701459284,483,9.22236004844125e-13,"sitePW"
"siteDB...967",-0.148244259548499,484,5.66720576873258e-10,"siteDB"
"sitePW...968",-0.0257749431753232,484,0.278243588391429,"sitePW"
"siteDB...969",-0.249500477554435,485,2.71642245623686e-22,"siteDB"
"sitePW...970",-0.0359709664493899,485,0.143141654222811,"sitePW"
"siteDB...971",-0.474003684096313,486,9.81887939716245e-87,"siteDB"
"sitePW...972",-0.274822915223076,486,1.78030943004116e-31,"sitePW"
"siteDB...973",-0.0962785799336439,487,9.97389864058617e-05,"siteDB"
"sitePW...974",0.104095581903699,487,1.23405871676606e-05,"sitePW"
"siteDB...975",-0.320345368219886,488,9.8476501981028e-41,"siteDB"
"sitePW...976",-0.326843030532598,488,1.61715524312716e-40,"sitePW"
"siteDB...977",-0.421045062536038,489,1.61518027503111e-69,"siteDB"
"sitePW...978",-0.297201823589085,489,6.72147162897723e-36,"sitePW"
"siteDB...979",-0.142140663824087,490,1.05021870358483e-08,"siteDB"
"sitePW...980",-0.0278375286749004,490,0.262658448963354,"sitePW"
"siteDB...981",-0.163532864294752,491,1.619681891738e-11,"siteDB"
"sitePW...982",-0.0404339884086062,491,0.0939020435905288,"sitePW"
"siteDB...983",-0.283035126264901,492,8.76820582064051e-27,"siteDB"
"sitePW...984",0.0894631285930325,492,0.000299964871333801,"sitePW"
"siteDB...985",-0.271608726231382,493,1.89830264485289e-28,"siteDB"
"sitePW...986",-0.110279486827544,493,2.76557026651364e-06,"sitePW"
"siteDB...987",-0.36123467464456,494,3.07541775822841e-49,"siteDB"
"sitePW...988",-0.182128501366497,494,2.66377485066696e-14,"sitePW"
"siteDB...989",-0.446469884627553,495,2.01221466315914e-73,"siteDB"
"sitePW...990",-0.175016876677795,495,8.16611624323427e-14,"sitePW"
"siteDB...991",-0.215786093619449,496,2.48659508386887e-17,"siteDB"
"sitePW...992",0.00595422725137495,496,0.807062442205672,"sitePW"
"siteDB...993",-0.224014203333445,497,1.17185546029599e-19,"siteDB"
"sitePW...994",-0.058436937719403,497,0.0152975516484737,"sitePW"
"siteDB...995",-0.424290462126075,498,4.94497114897446e-63,"siteDB"
"sitePW...996",-0.147586717584151,498,9.34879746606975e-10,"sitePW"
"siteDB...997",-0.223080990987813,499,1.19570931946885e-19,"siteDB"
"sitePW...998",-0.110534455028834,499,6.72378262931421e-06,"sitePW"
"siteDB...999",-0.423927329285487,500,4.64186001276628e-58,"siteDB"
"sitePW...1000",0.0682648036508808,500,0.00421851866208117,"sitePW"
